{"validation_accuracy": 76.77304964539007, "test_accuracy": 96.59574468085107}