{"validation_accuracy": 99.92492492492492, "test_accuracy": 97.49010292953285}