{"validation_accuracy": 94.65608465608466, "test_accuracy": 93.96825396825396}