{"RESISC45": {"Test": 0.9396825396825397, "Train (validation )": 0.9465608465608466, "LogTr_hF": 14.35930061340332}}