{"GTSRB": {"Test": 0.9749010292953286, "Train (validation )": 0.9992492492492493, "LogTr_hF": 14.763359069824219}}