{"EuroSAT": {"Test": 0.9844444444444445, "Train (validation )": 0.9877777777777778, "LogTr_hF": 14.519474029541016}}