{"DTD": {"Test": 0.9659574468085106, "Train (validation )": 0.7677304964539007, "LogTr_hF": 14.992788314819336}}