{"alpha": 0.30000000000000004, "avg_norm_acc": 69.52649388102911, "avg_abs_accuracy": 66.7497093206366}