{"test_accuracy": 97.5, "validation_accuracy": 77.30496453900709, "logdet_hF": 14.097914695739746}