{"validation_accuracy": 98.77777777777777, "test_accuracy": 98.44444444444444}